movie,year,rating,director,starCast,crew,language
Anand,1971,8.7,Hrishikesh Mukherjee (dir.)," Rajesh Khanna, Amitabh Bachchan"," Rajesh Khanna , Amitabh Bachchan , Sumita Sanyal , Ramesh Deo , Seema Deo , Asit Kumar Sen , Dev Kishan , Atam Prakash , Lalita Kumari , Savita , Brahm Bhardwaj , Gurnam Singh , Lalita Pawar , Durga Khote , Dara Singh ",Hindi
Drishyam,2013,8.6,Jeethu Joseph (dir.)," Mohanlal, Meena"," Mohanlal , Meena , Ansiba , Esther , Kalabhavan Shajohn , Asha Sharath , Siddique , Roshan Basheer , Pradeep Chandran , Kalabhavan Haneef , Irshad , Koottickal Jayachandran , Kunchan , Neeraj Madhav , Aneesh Menon ",Malayalam
Nayakan,1987,8.5,Mani Ratnam (dir.)," Kamal Haasan, Saranya Ponvannan"," Kamal Haasan , Saranya Ponvannan , Delhi Ganesh , Janagaraj , Karthika , Nassar , Tinnu Anand , Nizhalgal Ravi , M.V. Vasudeva Rao ",Tamil
Anbe Sivam,2003,8.5,Sundar C. (dir.)," Kamal Haasan, Madhavan"," Kamal Haasan , Madhavan , Kiran Rathod , Nassar , Santhana Bharathi , Uma Riyaz Khan , Yugi Sethu , Ilavarasu , Balu Anand , Seema , R.S. Shivaji , Laxmi Rattan , Chelladurai , Hillaary , Jacob ",Tamil
Gol Maal,1979,8.5,Hrishikesh Mukherjee (dir.)," Amol Palekar, Bindiya Goswami"," Amol Palekar , Bindiya Goswami , Deven Verma , Shubha Khote , Manju Singh , Dina Pathak , Pushpa , David Abraham , Yunus Parvez , Utpal Dutt , Ashwani , Harish Magon , Bhola , Amol Sen , Siddharth ",Hindi
Vikram Vedha,2017,8.4,Gayatri (dir.)," Vijay Sethupathi, Madhavan"," Vijay Sethupathi , Madhavan , Varalaxmi Sarathkumar , Shraddha Srinath , Kathir , Achyuth Kumar , Hareesh Peradi , Manikandan , Rajkumar , Prem , Vivek Prasanna , Gowri Lakshmi , Sugunthan , Baby Vaishnavi , E. Karthik ",English
Black Friday,2004,8.4,Anurag Kashyap (dir.)," Kay Kay Menon, Pavan Malhotra"," Kay Kay Menon , Pavan Malhotra , Aditya Srivastava , Dibyendu Bhattacharya , Kishore Kadam , Gajraj Rao , Zakir Hussain , Somesh Agarwal , Akhilesh Tripathi , Imtiaz Ali , Raj Arjun , Ragesh Asthana , Sushovan Banerjee , Asif Basra , Aditya Bhattacharya ",Hindi
Ratsasan,2018,8.4,Ram Kumar (dir.)," Radha Ravi, Sangili Murugan"," Radha Ravi , Sangili Murugan , Nizhalgal Ravi , Saravanan , Vinodhini Vaidynathan , Gajaraj , Sanjay , Kumar , Karunakaran , Ghibran , Abhirami , Suzane George , Munishkanth , Amala Paul , Sanjay ",Tamil
Dangal,2016,8.3,Nitesh Tiwari (dir.)," Aamir Khan, Sakshi Tanwar"," Aamir Khan , Fatima Sana Shaikh , Sanya Malhotra , Sakshi Tanwar , Aparshakti Khurana , Zaira Wasim , Suhani Bhatnagar , Ritvik Sahore , Girish Kulkarni , Ravi Aneja , Anurag Arora , Mahesh Balraj , Vivan Bhatena , Anmol Charan , Karmveer Choudhary ",Hindi
 Pather Panchali,1955,8.3,Satyajit Ray (dir.)," Kanu Bannerjee, Karuna Bannerjee"," Kanu Bannerjee , Karuna Bannerjee , Chunibala Devi , Uma Das Gupta , Subir Banerjee , Runki Banerjee , Reba Devi , Aparna Devi , Tulsi Chakraborty , Haren Banerjee , Rampada Das , Nibhanani Devi , Rama Gangopadhaya , Roma Ganguli , Binoy Mukherjee ",Bengali
Uri: The Surgical Strike,2019,8.3,Aditya Dhar (dir.)," Vicky Kaushal, Paresh Rawal"," Vicky Kaushal , Paresh Rawal , Yami Gautam , Mohit Raina , Kirti Kulhari , Rajit Kapoor , Ivan Rodrigues , Fareed Ahmed , Akashdeep Arora , Kallol Banerjee , Amaan Asif , Padam Bhola , Guru Bhullar , Beant Singh Buttar , Ashit Chatterjee ",Hindi
Taare Zameen Par,2007,8.3,Aamir Khan (dir.)," Darsheel Safary, Aamir Khan"," Darsheel Safary , Aamir Khan , Tisca Chopra , Vipin Sharma , Sachet Engineer , Tanay Chheda , Lalitha Lajmi , Girija Oak , Ravi Khanvilkar , Pratima Kulkarni , Meghna Malik , Sonali Sachdev , Sanjay Dadich , Raaj Gopal Iyer , Bugs Bhargava ",Hindi
Andhadhun,2018,8.3,Sriram Raghavan (dir.)," Ayushmann Khurrana, Tabu"," Ayushmann Khurrana , Tabu , Radhika Apte , Anil Dhawan , Manav Vij , Ashwini Kalsekar , Chhaya Kadam , Zakir Hussain , Rashmi Agdekar , Abhishek Shukla , Mohini Kewalramani , Nikitasha Kapoor , Saumin Patel , Hera Sajid , Pratik Nandkumar More ",Hindi
3 Idiots,2009,8.3,Rajkumar Hirani (dir.)," Aamir Khan, Madhavan"," Aamir Khan , Madhavan , Sharman Joshi , Kareena Kapoor , Boman Irani , Omi Vaidya , Mona Singh , Javed Jaffrey , Parikshat Sahni , Olivier Lafont , Rahul Kumar , Amardeep Jha , Farida Dadi , Mukund Bhatt , Chaitali Bose ",Hindi
Aruvi,2016,8.3,Arun Prabhu Purushothaman (dir.)," Aditi Balan, Padmashri Mohammad Ali"," Aditi Balan , Padmashri Mohammad Ali , Pradeep Anthony , Arnold , K. Babu , Bala , Bharath , Kavitha Bharathy , Madan Chakravarthy , Karthikeyan Chinnaswamy , Dakshana , Lakshmi Gopalaswamy , Hema , Hemalatha , Kamala ",Tamil
96,2018,8.3,C. Prem Kumar (dir.)," Vijay Sethupathi, Trisha Krishnan"," Vijay Sethupathi , Trisha Krishnan , Varsha Bollamma , Adithya Bhaskar , Gouri Kishan , Devadarshini Chetan , Janagaraj , Murugadass , Bagavathi Perumal , Kavithalaya Krishnan , Niyathi Kadambi , Shyam Prasad ",Tamil
Manichithrathazhu,1993,8.3,Fazil (dir.)," Mohanlal, Shobana"," Mohanlal , Shobana , Suresh Gopi , Vinaya Prasad , Nedumudi Venu , Innocent , K.P.A.C. Lalitha , Sudheesh , Thilakan , Ganesh Kumar , Rudra , Pappu , Shridhar , Bhagyalakshmi , Durga Sundararajan ",Malayalam
Jaane Bhi Do Yaaro,1983,8.3,Kundan Shah (dir.)," Naseeruddin Shah, Ravi Baswani"," Naseeruddin Shah , Ravi Baswani , Bhakti Barve , Satish Shah , Om Puri , Pankaj Kapur , Satish Kaushik , Neena Gupta , Deepak Qazir , Rajesh Puri , Zafar Sanjari , Ashok Banthia , Uday Chandra , Harshad Gandhi , Jaspal Sandhu ",Hindi
Thalapathi,1991,8.3,Mani Ratnam (dir.)," Rajinikanth, Mammootty"," Rajinikanth , Mammootty , Shobana , Arvind Swamy , Srividya , Bhanupriya , Amrish Puri , Jai Sankar , Charle , Geetha , Charu Haasan , Manoj K. Jayan , Nagesh , Sonu Walia ",Tamil
Guide,1965,8.3,Vijay Anand (dir.)," Dev Anand, Waheeda Rehman"," Dev Anand , Waheeda Rehman , Leela Chitnis , Anwar Hussain , Ulhas , Gajanan Jagirdar , Rashid Khan , Kishore Sahu , Praveen Paul , Mridula Rani , Purnima , Sheela R. , Krishan Dhawan , Prem Sagar , Narbada Shankar ",Hindi
Chupke Chupke,1975,8.3,Hrishikesh Mukherjee (dir.)," Dharmendra, Sharmila Tagore"," Dharmendra , Sharmila Tagore , Amitabh Bachchan , Jaya Bhaduri , David Abraham , Usha Kiran , Lily Chakravarty , Keshto Mukherjee , Dev Kishan , Om Prakash , Lalita Kumari , Naina Apte , Chaitali , Aarti , Amol Sen ",Hindi
Thani Oruvan,2015,8.2,Mohan Raja (dir.)," Jayam Ravi, Arvind Swamy"," Jayam Ravi , Arvind Swamy , Nayanthara , Nassar , Ganesh Venkatraman , Thambi Ramayya , Mugdha Godse , Vamsi Krishna , Harish Uthaman , Sricharan , Rahul Madhav , Abhinaya , Nagineedu , Anil Murali , V. Madhusudhan Rao ",Tamil
Kannathil Muthamittal,2002,8.2,Mani Ratnam (dir.)," Madhavan, Simran"," Madhavan , Simran , Keerthana Parthiepan , Nandita Das , Prakash Raj , J.D. Chakravarthi , Delhi Kumar , Pasupathy , Bala Singh , Master Suraj , Master Kethan ",Tamil
Khosla Ka Ghosla!,2006,8.2,Dibakar Banerjee (dir.)," Anupam Kher, Boman Irani"," Anupam Kher , Boman Irani , Parvin Dabas , Tara Sharma , Navin Nischol , Kiran Juneja , Ranvir Shorey , Vinod Nagpal , Vinay Pathak , Nitish Pandey , Rajendra Sethi , Rajesh Sharma , Roopam Bajwa , Anusha Lal , Irfan Mir Sarkh Noor ",Hindi
Gully Boy,2019,8.2,Zoya Akhtar (dir.)," Ranveer Singh, Alia Bhatt"," Ranveer Singh , Alia Bhatt , Siddhant Chaturvedi , Vijay Raaz , Amruta Subhash , Vijay Varma , Kalki Koechlin , Ikhlaque Khan , Sheeba Chaddha , Jyoti Subhash , Rahul Piske , Nakul Sachdeva , Shruti Chauhan , Aishwarya Desai , Kubbra Sait ",Hindi
Apur Sansar,1959,8.2,Satyajit Ray (dir.)," Soumitra Chatterjee, Sharmila Tagore"," Soumitra Chatterjee , Sharmila Tagore , Alok Chakravarty , Swapan Mukherjee , Tushar Bandyopadhyay , Gupi Banerjee , Panchanan Bhattacharya , Shanti Bhattacherjee , Jiten Bhons , Abhijit Chatterjee , Jogesh Chatterjee , Asha Devi , Belarani Devi , Sefalika Devi , Biren Ghosh ",Bengali
Vada Chennai,2018,8.2,Vetrimaaran (dir.)," Dhanush, Ameer Sultan"," Dhanush , Ameer Sultan , Radha Ravi , Daniel Balaji , Kishore Kumar G. , Samuthirakani , Pavan , Andrea Jeremiah , Aishwarya Rajesh , Subramaniam Siva , Vincent Ashokan , G. Marimuthu , Sai Dheena , Hari , Pavel ",Tamil
Dhuruvangal Pathinaaru,2016,8.2,Karthick Naren (dir.)," Rahman, Prakash Raghavan"," Rahman , Prakash Raghavan , Sharath Kumar , Santhosh Krishna , Praveen , Bala Hasan , Vinod Varma , Ashwin Kumar , Kunal Kaushik , Anjana Jayaprakash , Yaashika Aanand , Delhi Ganesh , Karthick Naren , Karthikeyan Palanisamy ",Tamil
Peranbu,2018,8.1,Ram (dir.)," Mammootty, Sadhana"," Mammootty , Sadhana , Anjali , Anjali Ameer , Samuthirakani , Pavel Navageethan , Livingston , Vadivukkarasi , Aruldoss , Abbas , Gr Adithya , Anand , Anees , Lizzie Antony , Lizzie Antony ",Tamil
Shahid,2012,8.1,Hansal Mehta (dir.)," Rajkummar Rao, Mohammed Zeeshan Ayyub"," Rajkummar Rao , Mohammed Zeeshan Ayyub , Baljinder Kaur , Tigmanshu Dhulia , Kay Kay Menon , Vipin Sharma , Shalini Vatsa , Vinod Rawat , Suvinder Pal , Pawan Kumar , Vivek Ghamande , Paritosh Sand , Prabal Panjabi , Yusuf Husain , Mukesh Chhabra ",Hindi
Talvar,2015,8.1,Meghna Gulzar (dir.)," Irrfan Khan, Konkona Sen Sharma"," Irrfan Khan , Konkona Sen Sharma , Neeraj Kabi , Sohum Shah , Atul Kumar , Gajraj Rao , Prakash Belawadi , Shishir Sharma , Sakshi Bhatia , Purnendu Bhattacharya , Vijay Kumar Dogra , Sumit Gulati , Kiran Khoje , Somen Mishra , Alisha Parveen ",Hindi
Drishyam,2015,8.1,Nishikant Kamat (dir.)," Ajay Devgn, Shriya Saran"," Ajay Devgn , Shriya Saran , Tabu , Rajat Kapoor , Ishita Dutta , Mrunal Jadhav , Prasanna Ketkar , Yogesh Sonam , Prathamesh Parab , Rishab Chadha , Ashish Warang , Anil Nagarkar , Tarun Shukla , Smita Inamdar , Sanjay Bhatia ",Hindi
Mughal-E-Azam,1960,8.1,K. Asif (dir.)," Prithviraj Kapoor, Madhubala"," Prithviraj Kapoor , Madhubala , Dilip Kumar , Durga Khote , Nigar Sultana , Ajit , M. Kumar , Murad , Jilloo Maa , Vijayalaxmi , S. Nazir , Sheela Delaya , Surendra , Johnny Walker , Jalal Agha ",Urdu
Aparajito,1956,8.1,Satyajit Ray (dir.)," Pinaki Sengupta, Smaran Ghosal"," Kamala Adhikari , Lalchand Banerjee , Kali Bannerjee , Kanu Bannerjee , Karuna Bannerjee , Panchanan Bhattacharya , Debabrata Chakraborty , Harendrakumar Chakravarti , Hemanta Chatterjee , Meenakshi Devi , Subodh Ganguli , Smaran Ghosal , Charuprakash Ghosh , Santi Gupta , Ajay Mitra ",Bengali
Black,2005,8.1,Sanjay Leela Bhansali (dir.)," Amitabh Bachchan, Rani Mukerji"," Amitabh Bachchan , Rani Mukerji , Shernaz Patel , Ayesha Kapoor , Dhritiman Chatterjee , Sillo Mahava , Chippy Gangjee , Mahabanoo Mody-Kotwal , Salome , Kenny Desai , Arif Shah , Bomie E. Dotiwala , Jeroo Shroff , Bomi Kapadia , Kamal Adib ",Hindi
Hera Pheri,2000,8.1,Priyadarshan (dir.)," Akshay Kumar, Paresh Rawal"," Akshay Kumar , Paresh Rawal , Sunil Shetty , Tabu , Om Puri , Gulshan Grover , Kulbhushan Kharbanda , Mukesh Khanna , Asrani , Sulabha Arya , Dinesh Hingoo , Mushtaq Khan , Razak Khan , Kashmira Shah , Namrata Shirodkar ",Hindi
Jigarthanda,2014,8.1,Karthik Subbaraj (dir.)," Siddharth, Bobby Simha"," Siddharth , Bobby Simha , Lakshmi Menon , Nassar , Aadukalam Naren , Guru Somasundaram , Karunakaran , Sangili Murugan , Delhi Ganesh , Ambika , Sudha , Bagavathi Perumal , Rajkumar , Vinodhini Vaidynathan , Ramachandran ",Tamil
Mahanati,2018,8.1,Nag Ashwin (dir.)," Keerthi Suresh, Dulquer Salmaan"," Keerthi Suresh , Dulquer Salmaan , Samantha Ruth Prabhu , Vijay Deverakonda , Rajendra Prasad , Bhanupriya , Divyavani , Mohan Babu , Prakash Raj , Srinivas Avasarala , Irfan , Naga Chaitanya Akkineni , Manobala , Malavika Nair , Shalini Pandey ",Telugu
Satya,1998,8.1,Ram Gopal Varma (dir.)," J.D. Chakravarthi, Urmila Matondkar"," J.D. Chakravarthi , Urmila Matondkar , Paresh Rawal , Manoj Bajpayee , Saurabh Shukla , Govind Namdeo , Makrand Deshpande , Shefali Shah , Raju Mavani , Aditya Srivastava , Neeraj Vora , Rajesh Joshi , Saabir , Snehal Dabi , Jeeva ",Hindi
Paan Singh Tomar,2012,8.1,Tigmanshu Dhulia (dir.)," Irrfan Khan, Ravi Bhushan Bhartiya"," Irrfan Khan , Ravi Bhushan Bhartiya , Hemendra Dandotiya , Mahie Gill , Rajendra Gupta , Rajiv Gupta , Jhakkad Guru , Ashraf Ul Haq , Imran Hasnee , Zakir Hussain , Brijendra Kala , Jahangir Khan , Swapnil kiiran Kotriwar , Vipin Sharma , Nawazuddin Siddiqui ",Hindi
Rang De Basanti,2006,8.1,Rakeysh Omprakash Mehra (dir.)," Aamir Khan, Soha Ali Khan"," Aamir Khan , Siddharth , Sharman Joshi , Kunal Kapoor , Atul Kulkarni , Alice Patten , Soha Ali Khan , Steven Mackintosh , Madhavan , Waheeda Rehman , Anupam Kher , Kiron Kher , Om Puri , Lekh Tandon , Cyrus Sahukar ",Hindi
Soodhu Kavvum,2013,8.1,Nalan Kumarasamy (dir.)," Vijay Sethupathi, Sanchita Shetty"," Vijay Sethupathi , Sanchita Shetty , Radha Ravi , M.S. Bhaskar , Bobby Simha , Ashok Selvan , Ramesh Thilak , Karunakaran , Yog Japee , Aruldoss , Boys Rajan , Radha , Kannayiram , Mippu , Gaana Bala ",Tamil
Bhaag Milkha Bhaag,2013,8.1,Rakeysh Omprakash Mehra (dir.)," Farhan Akhtar, Sonam Kapoor"," Farhan Akhtar , Sonam Kapoor , Pavan Malhotra , Art Malik , Divya Dutta , Japtej Singh , Yograj Singh , Jass Bhatia , Rebecca Breeds , Divjot Singh Chandhok , Chinmay Chandraunshuh , Chandan Gill , Dev Gill , Shveta Grover , Sumit Gulati ",Hindi
Jo Jeeta Wohi Sikandar,1992,8.1,Mansoor Khan (dir.)," Aamir Khan, Ayesha Jhulka"," Aamir Khan , Ayesha Jhulka , Deepak Tijori , Pooja Bedi , Kulbhushan Kharbanda , Mamik Singh , Kiran Zaveri , Ahmed Khan , Ravindra Kapoor , Deb Mukherjee , Aditya Lakhia , Deven Bhojani , Miki Khan , Prakash , Suraj Thapar ",Hindi
"Swades: We, the People",2004,8.1,Ashutosh Gowariker (dir.)," Shah Rukh Khan, Gayatri Joshi"," Shah Rukh Khan , Gayatri Joshi , Kishori Ballal , Smit Sheth , Lekh Tandon , Rajesh Vivek , Daya Shankar Pandey , Farrukh Jaffar , Vishnudutt Gaur , Raja Awasthi , Vishwa Mohan Badola , Bhim Vakani , Rahul Vohra , Rajesh Balwani , Bachan Pachehra ",Hindi
OMG: Oh My God!,2012,8.1,Umesh Shukla (dir.)," Paresh Rawal, Akshay Kumar"," Paresh Rawal , Akshay Kumar , Mithun Chakraborty , Om Puri , Mahesh Manjrekar , Govind Namdeo , Murli Sharma , Nikhil Ratnaparkhi , Lubna Salim , Poonam Jhawer , Yusuf Hussain , Jaineeraj Rajpurohit , Nidhi Subbaiah , Apoorva Arora , Azaan Shah ",Hindi
Queen,2013,8.1,Vikas Bahl (dir.)," Kangana Ranaut, Rajkummar Rao"," Kangana Ranaut , Rajkummar Rao , Lisa Haydon , Jeffrey Ho , Marco Canadea , Guithob Joseph , Yogendra Tiku , Alka Badola Kaushal , Tripta Lakhanpal , Chinmay Chandraunshuh , Nayani Dixit , Sabeeka Imam , Ayaan Malik , Ramesh Kalra , Poonam Mathur ",Hindi
Sholay,1975,8.1,Ramesh Sippy (dir.)," Sanjeev Kumar, Dharmendra"," Sanjeev Kumar , Dharmendra , Amitabh Bachchan , Amjad Khan , Hema Malini , Jaya Bhaduri , A.K. Hangal , Satyendra Kapoor , Iftekhar , Leela Mishra , Vikas Anand , Mac Mohan , Keshto Mukherjee , Sachin , Alankar Joshi ",Hindi
Gangs of Wasseypur,2012,8.1,Anurag Kashyap (dir.)," Manoj Bajpayee, Richa Chadha"," Manoj Bajpayee , Richa Chadha , Nawazuddin Siddiqui , Tigmanshu Dhulia , Jameel Khan , Piyush Mishra , Jaideep Ahlawat , Huma Qureshi , Zeishan Quadri , Vipin Sharma , Satyakam Anand , Aditya Kumar , Rajkummar Rao , Vineet Kumar Singh , Sankalp Acharekar ",Hindi
Sairat,2016,8.1,Nagraj Manjule (dir.)," Rinku Rajguru, Akash Thosar"," Rinku Rajguru , Akash Thosar , Arbaz Shaikh , Tanaji Galgunde , Suresh Vishwakarma , Suraj Pawar , Anuja Mule , Bhushan Manjule , Chhaya Kadam , Rubina Inamdar , Nagraj Manjule , Shivam More , Mithunchandra Chaudhari , Geeta Chavan , Dhananjay Nanaware ",Marathi
Premam,2015,8.1,Alphonse Puthren (dir.)," Nivin Pauly, Sai Pallavi"," Nivin Pauly , Sai Pallavi , Madonna Sebastian , Anupama Parameshwaran , S.V. Krishna Shankar , Shabareesh Varma , Vinay Forrt , Soubin Shahir , Siju Wilson , Ananth Nag , Alwin Antony , Faisal C.M. , Franko Davis , Rinsa Jacob , Jayashankar ",Malayalam
Chak De! India,2007,8.1,Shimit Amin (dir.)," Shah Rukh Khan, Vidya Malvade"," Shah Rukh Khan , Vidya Malvade , Sagarika Ghatge , Shilpa Shukla , Arya Menon , Seema Azmi , Nisha Nair , Sandia Furtado , Masochon V. Zimik , Kimi Laldawla , Chitrashi Rawat , Shubhi Mehta , Anaitha Nair , Tanya Abrol , Kimberly Miranda ",Hindi
Bangalore Days,2014,8.1,Anjali Menon (dir.)," Nazriya Nazim, Nivin Pauly"," Nazriya Nazim , Nivin Pauly , Dulquer Salmaan , Fahadh Faasil , Parvathy , Isha Talwar , Nithya Menon , Kalpana , Maniyanpilla Raju , Praveena , Vijayaraghavan , Sijoy Varghese , Sajid Yahiya , Prathap Pothen , Vinaya Prasad ",Malayalam
A Wednesday,2008,8.1,Neeraj Pandey (dir.)," Anupam Kher, Naseeruddin Shah"," Anupam Kher , Naseeruddin Shah , Jimmy Sheirgill , Deepal Shaw , Aamir Bashir , Kali Prasad Mukherjee , Mukesh Bhatt , Gaurav Kapoor , Chetan Pandit , Virendra Saxena , Snehal Dabi , Rohitashv Gour , Vije Bhatia , Aayam Mehta , Rajendra Chawla ",Hindi
Munna Bhai MBBS,2003,8.1,Rajkumar Hirani (dir.)," Sanjay Dutt, Arshad Warsi"," Sanjay Dutt , Arshad Warsi , Gracy Singh , Sunil Dutt , Boman Irani , Rohini Hattangadi , Kurush Deboo , Jimmy Sheirgill , Yatin Karyekar , Suresh Chatwal , Neha Dubey , Mumait Khan , Priya Bapat , Anuradha Chandan , Chirkut ",Hindi
Tumbbad,2018,8.1,Rahi Anil Barve (dir.)," Sohum Shah, Jyoti Malshe"," Sohum Shah , Jyoti Malshe , Anita Date , Ronjini Chakraborty , Deepak Damle , Cameron Anderson , Dhundiraj Prabhakar Jogalekar , Madhav Hari Joshi , Piyush Kaushik , Harish Khanna , Anika Radhakrishnan , Arohi Radhakrishnan , Mohammad Samad , Rudra Soni ",Marathi
Ustad Hotel,2012,8.1,Anwar Rasheed (dir.)," Dulquer Salmaan, Thilakan"," Dulquer Salmaan , Thilakan , Siddique , Nithya Menon , Mammukoya , Jinu Joseph , V. Jayaprakash , Maniyanpilla Raju , Bhagath Baby Manuel , Sreenath Bhasi , Littil Swayamp , Joseph Chakola , Kunchan , Jishnu , Prem Prakash ",Malayalam
Udaan,2010,8.1,Vikramaditya Motwane (dir.)," Rajat Barmecha, Sanjay Gandhi"," Rajat Barmecha , Sanjay Gandhi , Ronit Roy , Manjot Singh , Ram Kapoor , Raja Hudda , Varun Khettry , Shashi Sharma , Khushkeran Singh Sandhu , Jayanta Das , Akantuk Sharma , Sahil Sahota , Aayan Boradia , Sonia Raisurana , Mohammad Nizam ",Hindi
Andaz Apna Apna,1994,8.1,Rajkumar Santoshi (dir.)," Aamir Khan, Salman Khan"," Aamir Khan , Salman Khan , Raveena Tandon , Karisma Kapoor , Paresh Rawal , Viju Khote , Shehzad Khan , Mehmood , Deven Verma , Jagdeep , Tiku Talsania , Suresh Bhagwat , Harish Patel , Javed Khan , Anand Mishra ",Hindi
Roja,1992,8.1,Mani Ratnam (dir.)," Arvind Swamy, Madhoo"," Arvind Swamy , Madhoo , Pankaj Kapur , Nassar , Shiva Rindani , Janagaraj , Vaishnavi , C.K. Saraswathi , Sathyapriya , Sujatha ",Tamil
Dil Chahta Hai,2001,8.1,Farhan Akhtar (dir.)," Aamir Khan, Saif Ali Khan"," Aamir Khan , Saif Ali Khan , Akshaye Khanna , Preity Zinta , Sonali Kulkarni , Dimple Kapadia , Ayub Khan , Rajat Kapoor , Suhasini Mulay , Ahmed Khan , Suchitra Pillai , Anjula Bedi , Rakesh Pandey , Samantha Tremayne , Claire ",Hindi
Sarfarosh,1999,8.0,John Mathew Matthan (dir.)," Aamir Khan, Naseeruddin Shah"," Aamir Khan , Naseeruddin Shah , Sonali Bendre , Mukesh Rishi , Akash Khurana , Smita Jaykar , Sukanya Kulkarni , Ahmed Khan , Pradeep Singh Rawat , Makrand Deshpande , Shri Vallabh Vyas , Rajesh Joshi , Ali Khan , Upasna Singh , Salim Shah ",Hindi
Anniyan,2005,8.0,S. Shankar (dir.)," Vikram, Sada"," Vikram , Sada , Prakash Raj , Vivek , Nedumudi Venu , Nassar , Kalabhavan Mani , Cochin Hanifa , Saurabh Shukla , Charlie , Sriranjani , Mohan Vaidya , Manobala , Shanmugha Rajan , Amarasigamani ",Tamil
Lagaan: Once Upon a Time in India,2001,8.0,Ashutosh Gowariker (dir.)," Aamir Khan, Raghuvir Yadav"," Aamir Khan , Gracy Singh , Rachel Shelley , Paul Blackthorne , Suhasini Mulay , Kulbhushan Kharbanda , Raghuvir Yadav , Rajendra Gupta , Rajesh Vivek , Shri Vallabh Vyas , Javed Khan , Raj Zutshi , Akhilendra Mishra , Daya Shankar Pandey , Yashpal Sharma ",Hindi
Pink,2016,8.0,Aniruddha Roy Chowdhury (dir.)," Tapsee Pannu, Amitabh Bachchan"," Tapsee Pannu , Amitabh Bachchan , Kirti Kulhari , Andrea Tariang , Piyush Mishra , Angad Bedi , Vijay Varma , Raashul Tandon , Tushar Pandey , Dhritiman Chatterjee , Mamata Shankar , Amit Baisoya , S.K. Batra , Prashant Bhagia , Arjun Chakraborty ",Hindi
Kahaani,2012,8.0,Sujoy Ghosh (dir.)," Vidya Balan, Parambrata Chatterjee"," Vidya Balan , Parambrata Chatterjee , Indraneil Sengupta , Nawazuddin Siddiqui , Dhritiman Chatterjee , Saswata Chatterjee , Darshan Jariwala , Sk. Azad Ahmed , Masood Akhtar , Mohd. Faiz Alam , Roshni Ali , Anindya Pulak Banerjee , Kamalika Banerjee , Dibyendu Bardhan , Paresh Bhowmick ",Hindi
PK,2014,8.0,Rajkumar Hirani (dir.)," Aamir Khan, Anushka Sharma"," Aamir Khan , Anushka Sharma , Saurabh Shukla , Sanjay Dutt , Boman Irani , Sushant Singh Rajput , Parikshat Sahni , Amardeep Jha , Reema Debnath , Dheerendra Dwivedi , Sai Gundewar , Ram P. Sethi , Rukhsar Rehman , Arun Bali , Pallavi Batra ",Hindi
Iqbal,2005,8.0,Nagesh Kukunoor (dir.)," Shreyas Talpade, Naseeruddin Shah"," Shreyas Talpade , Naseeruddin Shah , Shweta Prasad , Yatin Karyekar , Prateeksha Lonkar , Girish Karnad , Dilip Salgaonkar , Jyoti Joshi , Aadarsh Balakrishna , Gururaj Manepalli , Rajita Joshi , Srikanth Chitrao , Vikram Inamdar , Elahe Hiptoola , Balaji Manohar ",Hindi
Zindagi Na Milegi Dobara,2011,8.0,Zoya Akhtar (dir.)," Hrithik Roshan, Farhan Akhtar"," Hrithik Roshan , Farhan Akhtar , Abhay Deol , Katrina Kaif , Kalki Koechlin , Ariadna Cabrol , Naseeruddin Shah , Deepti Naval , Surpreet Bedi , Anisa Butt , Juan Jose Amador , Aashrita Kamath , Lolo Herrero , Barbara Holzer , Ravi Khemu ",Hindi
Arjun Reddy,2017,8.0,Sandeep Reddy Vanga (dir.)," Vijay Deverakonda, Shalini Pandey"," Vijay Deverakonda , Shalini Pandey , Amit Sharma , Rahul Ramakrishna , Harshavardhan Reddy Alla , Aneesha , Anusha , Arun Babu , Kalyan Babu , Gopinath Bhat , Pawan Chowdary , Greeshma , R.J. Hemant , Jai , Sandhya Janak ",Telugu
Maqbool,2003,8.0,Vishal Bhardwaj (dir.)," Irrfan Khan, Tabu"," Irrfan Khan , Tabu , Pankaj Kapur , Naseeruddin Shah , Om Puri , Piyush Mishra , Masumeh Makhija , Ajay Gehi , Abbas Tyrewala , Deepak Dobriyal , Gyanchand Rikki , Manav Kaushik , Ankur Vikal , Pubali Sanyal , Raj ",Hindi
Theeran Adhigaaram Ondru,2017,8.0,H. Vinoth (dir.)," Karthi, Rakul Preet Singh"," Karthi , Rakul Preet Singh , Abhimanyu Singh , Bose Venkat , Praveena , Manobala , Sathyan , Sonia , R.N.R. Manohar , Kishore Kadam , Varghese Mathew , Rohit Pathak , Narra Srinivas , Surender Thakur , Prayas Mann ",Tamil
Masaan,2015,8.0,Neeraj Ghaywan (dir.)," Richa Chadha, Sanjay Mishra"," Richa Chadha , Sanjay Mishra , Vicky Kaushal , Pankaj Tripathi , Vineet Kumar , Bhagwan Tiwari , Bhupesh Singh , Satya Kam Anand , Saurabh Chadhary , Mohit Abrol , Deepak Agarwal , Harsh Agarwal , Manish Agrahari , Jamal Ahmad , Ana ",Hindi
Baasha,1995,8.0,Suresh Krishna (dir.)," Rajinikanth, Nagma"," Rajinikanth , Nagma , Raghuvaran , Vijayakumar , Janagaraj , Devan , Anandraj , Sasikumar , Sathyapriya , Yuvarani , Charan Raj , Shenbaga , Raja Krishnamoorthy , Sethu Vinayakam , Kavithalaya Krishnan ",Tamil
The Legend of Bhagat Singh,2002,8.0,Rajkumar Santoshi (dir.)," Ajay Devgn, Sushant Singh"," Ajay Devgn , Sushant Singh , D. Santosh , Akhilendra Mishra , Raj Babbar , Farida Jalal , Amrita Rao , Mukesh Tiwari , Surendra Rajan , Saurabh Dubey , Swaroop Kumar , Arun Patwardhan , Keneth Desai , Sitaram Panchal , Bhaswar Chatterjee ",Hindi
Omkara,2006,8.0,Vishal Bhardwaj (dir.)," Ajay Devgn, Saif Ali Khan"," Ajay Devgn , Saif Ali Khan , Vivek Oberoi , Kareena Kapoor , Konkona Sen Sharma , Bipasha Basu , Naseeruddin Shah , Deepak Dobriyal , Manav Kaushik , Kamal Tiwari , Chetana Das , Rahul Kumar , Omkaar , Niraj Sah , Pankaj Tripathi ",Hindi
Barfi!,2012,8.0,Anurag Basu (dir.)," Ranbir Kapoor, Priyanka Chopra"," Ranbir Kapoor , Priyanka Chopra , Ileana D'Cruz , Saurabh Shukla , Rupa Ganguly , Ashish Vidyarthi , Bholaraj Sapkota , Jishu Sengupta , Haradhan Bannerjee , Akash Khurana , Arun Bali , Uday Tikekar , Preiti Mamgain , Sumona Chakravarti , Sujata Sehgal ",Hindi
Lage Raho Munna Bhai,2006,8.0,Rajkumar Hirani (dir.)," Sanjay Dutt, Arshad Warsi"," Sanjay Dutt , Arshad Warsi , Vidya Balan , Jimmy Sheirgill , Dia Mirza , Boman Irani , Dilip Prabhavalkar , Kulbhushan Kharbanda , Parikshat Sahni , Saurabh Shukla , Supriya Shukla , Achyut Potdar , Atmaram Bhende , Arun Bali , Bomie E. Dotiwala ",Hindi
Bommarillu,2006,8.0,Bhaskar (dir.)," Siddharth, Genelia D'Souza"," Siddharth , Genelia D'Souza , Prakash Raj , Srinivasa Rao Kota , Jayasudha , Dharmavarapu Subramanyam , Suneel , Brahmanandam , Tanikella Bharani , Neha Bamb , Murali Mohan , Chitram Seenu , Ravi Verma , Surekha Vani , Satya Krishnan ",Telugu
Bombay,1995,8.0,Mani Ratnam (dir.)," Arvind Swamy, Manisha Koirala"," Arvind Swamy , Manisha Koirala , Nassar , Kitty , Master Harsha , Master Hriday , Tinnu Anand , Akash Khurana , Nagendra Prasad , Prakash Raj , Sonali Bendre , M.V. Vasudeva Rao , Ratnakar , Rallapalli , Deesh Mariwala ",Tamil
Deewaar,1975,8.0,Yash Chopra (dir.)," Amitabh Bachchan, Shashi Kapoor"," Amitabh Bachchan , Shashi Kapoor , Nirupa Roy , Parveen Babi , Neetu Singh , Manmohan Krishna , Madan Puri , Iftekhar , Satyendra Kapoor , Sudhir , Rajpal , Jagdish Raj , Kuljit Singh , Raj Kishore , Yunus Parvez ",Hindi
Lucia,2013,8.0,Pawan Kumar (dir.)," Sathish Neenasam, Sruthi Hariharan"," Sathish Neenasam , Sruthi Hariharan , Achyuth Kumar , Sabreen Baker , Pawan Kumar , Ram Manjjonaath , Rishab Shetty ",Kannada
Ugly,2013,8.0,Anurag Kashyap (dir.)," Rahul Bhat, Ronit Roy"," Rahul Bhat , Ronit Roy , Tejaswini Kolhapure , Vineet Kumar Singh , Surveen Chawla , Siddhant Kapoor , Sandesh Jadhav , Anshikaa Shrivastava , Murari Kumar , Abir Goswami , Madhavi Singh , Manoj Khalatkar , Ajay Purkar , Girish Kulkarni , Jayant Gadekar ",Hindi
Dilwale Dulhania Le Jayenge,1995,8.0,Aditya Chopra (dir.)," Shah Rukh Khan, Kajol"," Shah Rukh Khan , Kajol , Amrish Puri , Farida Jalal , Anupam Kher , Parmeet Sethi , Mandira Bedi , Satish Shah , Himani Shivpuri , Pooja Ruparel , Achala Sachdev , Damyanti Puri , Lalit Tiwari , Hemlata Deepak , Mohit Kumar ",Hindi
Mother India,1957,8.0,Mehboob Khan (dir.)," Nargis, Sunil Dutt"," Nargis , Sunil Dutt , Rajendra Kumar , Raaj Kumar , Kanhaiyalal Chaturvedi , Jilloo Maa , Kumkum , Chanchal , Sheela Naik , Mukri , Siddiqui , Ram Shastri , Fakir Mohammad , Geeta , Hameeda ",Hindi
Gulaal,2009,8.0,Anurag Kashyap (dir.)," Kay Kay Menon, Raj Singh Chaudhary"," Kay Kay Menon , Raj Singh Chaudhary , Jesse Randhawa , Deepak Dobriyal , Ayesha Mohan , Mahie Gill , Piyush Mishra , Abhimanyu Singh , Aditya Srivastava , Mukesh Bhatt , Pankaj Jha , Savi Sidhu , Jyoti Dogra , Chittaranjan Giri , Neel Guha ",Hindi
Baahubali 2: The Conclusion,2017,8.0,S.S. Rajamouli (dir.)," Prabhas, Rana Daggubati"," Prabhas , Rana Daggubati , Anushka Shetty , Sathyaraj , Ramya Krishnan , Tamannaah Bhatia , Nassar , Subbaraju , Meka Rama Krishna , Tanikella Bharani , Sharad Kelkar , Aashish Maske , Ramakrishna Meka , Prabhakar , Venkat Prasad ",Telugu
Padosan,1968,8.0,Jyoti Swaroop (dir.)," Sunil Dutt, Saira Banu"," Sunil Dutt , Saira Banu , Mehmood , Kishore Kumar , Om Prakash , Agha , Mukri , Sunder , Ganga , Praveen Paul , Keshto Mukherjee , Raj Kishore , Dulari , Ratna , Moolchand ",Hindi
Haider,2014,7.9,Vishal Bhardwaj (dir.)," Shahid Kapoor, Tabu"," Tabu , Shahid Kapoor , Shraddha Kapoor , Kay Kay Menon , Narendra Jha , Kulbhushan Kharbanda , Lalit Parimoo , Ashish Vidyarthi , Aamir Bashir , Sumit Kaul , Rajat Bhagat , Ashwath Bhatt , Irrfan Khan , Anshuman Malhotra , Lankesh Bhardwaj ",Hindi
Indian,1996,7.9,S. Shankar (dir.)," Kamal Haasan, Sukanya"," Kamal Haasan , Sukanya , Manisha Koirala , Urmila Matondkar , Nedumudi Venu , Goundamani , Kasturi , Aruna Irani , Crazy Mohan , Aachi Manorama , Senthil , Ajay Ratnam , Nizhalgal Ravi , Bala Singh , Johnny Lever ",Tamil
Athadu,2005,7.9,Trivikram Srinivas (dir.)," Mahesh Babu, Trisha Krishnan"," Mahesh Babu , Trisha Krishnan , Prakash Raj , Sonu Sood , Srinivasa Rao Kota , Nassar , Giri Babu , Brahmanandam , Dharmavarapu Subramanyam , Ajay , Joy Badlani , Tanikella Bharani , Brahmaji , Rahul Dev , Vajja Venkata Giridhar ",Telugu
DevD,2009,7.9,Anurag Kashyap (dir.)," Abhay Deol, Mahie Gill"," Abhay Deol , Mahie Gill , Kalki Koechlin , Dibyendu Bhattacharya , Gurkirtan , Satwant Kaur , Parakh Madan , Kuldeep Sharma , Jimi the Quiff , Ammo 'Too Sweet' , Sanjay Kumar , Sinbad Phgura , Aseem Sharma , Shena Gamat , Helen Jones ",Hindi
Vedam,2010,7.9,Radha Krishna Jagarlamudi (dir.)," Manoj Kumar Manchu, Allu Arjun"," Manoj Kumar Manchu , Allu Arjun , Anushka Shetty , Manoj Bajpayee , Nagayya , Deeksha Seth , Lekha Washington , Brahmanandam , Siya , Satyam Rajesh , Ravi Prakash , Krishna Murali Posani , Pruthvi , Raghu Babu , Joy Badlani ",Telugu
Special Chabbis,2013,7.9,Neeraj Pandey (dir.)," Akshay Kumar, Anupam Kher"," Akshay Kumar , Anupam Kher , Manoj Bajpayee , Jimmy Sheirgill , Kajal Aggarwal , Divya Dutta , Kishore Kadam , Rajesh Sharma , Deep Raj Rana , Vipin Sharma , Sukhwinder Chahal , Abha Parmar , Mukesh Bhatt , Ujjwal Chopra , Tiku Talsania ",Hindi
Company,2002,7.9,Ram Gopal Varma (dir.)," Ajay Devgn, Mohanlal"," Ajay Devgn , Mohanlal , Manisha Koirala , Seema Biswas , Vivek Oberoi , Antara Mali , Akash Khurana , Madan Joshi , Bharat Dabholkar , Ganesh Yadav , Ashraf Ul Haq , Akshay Verma , Vijay Raaz , Mukesh Bhatt , Manoj Goyal ",Hindi
Vaastav: The Reality,1999,7.9,Mahesh Manjrekar (dir.)," Sanjay Dutt, Namrata Shirodkar"," Sanjay Dutt , Namrata Shirodkar , Mohnish Bahl , Ekta Sohini , Reema Lagoo , Shivaji Satam , Kashmira Shah , Deepak Tijori , Paresh Rawal , Mohan Joshi , Ashish Vidyarthi , Himani Shivpuri , Usha Nadkarni , Achyut Potdar , Kishore Nandlaskar ",Hindi
Badhaai Ho,2018,7.9,Amit Ravindernath Sharma (dir.)," Ayushmann Khurrana, Sanya Malhotra"," Ayushmann Khurrana , Sanya Malhotra , Neena Gupta , Gajraj Rao , Sheeba Chaddha , Surekha Sikri , Shardul Rana , Rahul Tewari , Arun Kalra , Alka Amin , Manoj Bakshi , Alka Badola Kaushal , Vimi Mehta ",Hindi
Bajrangi Bhaijaan,2015,7.9,Kabir Khan (dir.)," Salman Khan, Harshaali Malhotra"," Salman Khan , Harshaali Malhotra , Nawazuddin Siddiqui , Kareena Kapoor , Sharat Saxena , Alka Badola Kaushal , Om Puri , Meher Vij , Rajesh Sharma , Mir Sarwar , Khushaal Pawar , Krunal Pandit , Manoj Bakshi , Mursaleem Qureshi , Yudhvir Dahiya ",Hindi
Ship of Theseus,2012,7.9,Anand Gandhi (dir.)," Aida Elkashef, Yogesh Shah"," Aida Elkashef , Yogesh Shah , Faraz Khan , Hannan Youssef , Narendra Shah , Chitra Shah , Manan Shah , Aishwarya , Balaji Janardhan , Abbas K. , Bharat Pardesi , Pradeep Sinha , Akhtar Bhale , Sidharth Meer , Bonnie Chenevier ",English
 Manjhi: The Mountain Man,2015,7.9,Ketan Mehta (dir.)," Nawazuddin Siddiqui, Radhika Apte"," Nawazuddin Siddiqui , Radhika Apte , Ashutosh Acharya , Shahzad Ahmad , Aishwarya Arora , Suraj Bajjua , Vishwa Bhanu , Ravi Bhushan , Anil Chaudhary , Abhishek Chauhan , Samvedna Anish Choudhary , Tigmanshu Dhulia , Gaurav Dwivedi , Amar Gaikwad , Vijay Gupta ",Hindi
Ankhon Dekhi,2013,7.8,Rajat Kapoor (dir.)," Sanjay Mishra, Seema Bhargava"," Sanjay Mishra , Seema Bhargava , Rajat Kapoor , Taranjit Kaur , Maya Sarao , Chandrachoor Rai , Namit Das , Brijendra Kala , Alka Chatwal , Manu Rishi Chadha , Mahesh Sharma , Anil Chaudhary , Manish Karnatak , Dhruv Uday Singh , Saurabh Shukla ",Hindi
Pizza,2012,7.8,Karthik Subbaraj (dir.)," Vijay Sethupathi, Ramya Nambeeshan"," Vijay Sethupathi , Ramya Nambeeshan , Aadukalam Naren , Karunakaran , Jayakumar , Bobby Simha , Pooja Ramachandran , Veera Santhanam , Joy Badlani ",Tamil
Badla,2019,7.8,Sujoy Ghosh (dir.)," Amitabh Bachchan, Tapsee Pannu"," Amitabh Bachchan , Tapsee Pannu , Denzil Smith , Tony Luke , Amrita Singh , Begonia Villalba , Antonio Aakeel , Daniel O'Kane , Tanveer Ghani , Manav Kaul , Mark Mansfield , Shome Makhija , Vincent Woods , Ammar Taalwala , Jason Hetherington ",Hindi
Jab We Met,2007,7.8,Imtiaz Ali (dir.)," Shahid Kapoor, Kareena Kapoor"," Shahid Kapoor , Kareena Kapoor , Tarun Arora , Dara Singh , Pavan Malhotra , Kamal Tiwari , Kiran Juneja , Divya Shah , Saumya Tandon , Nihar Thakkar , Manushka Khisty , F.J. Jussawala , Vishal Om Prakash , Rohini Sahni , Deepak Sharma ",Hindi
Dor,2006,7.8,Nagesh Kukunoor (dir.)," Ayesha Takia, Shreyas Talpade"," Ayesha Takia , Shreyas Talpade , Gul Panag , Girish Karnad , Prateeksha Lonkar , Rushad Rana , Anirudh Jaykar , Shivani Joshi , Uttara Baokar , Pavan Singh , Banwarilal Taneja , Ikhlaq Khan , Veena Sajnani , Vibhu Kashyap , Dhruv Jagasiya ",Hindi
Padman,2018,7.8,R. Balki (dir.)," Akshay Kumar, Radhika Apte"," Akshay Kumar , Radhika Apte , Sonam Kapoor , Jyoti Subhash , Urmila Mahanta , Suneel Sinha , Sanjay Singh , 'Om' Rakesh Chaturvedi , Mrinmayee Godbole , Mridul Satam , Parul Chauhan , Saurabh Agarwal , Amitabh Bachchan , Varun Bag , Himika Bose ",Hindi
Kal Ho Naa Ho,2003,7.8,Nikkhil Advani (dir.)," Preity Zinta, Shah Rukh Khan"," Shah Rukh Khan , Preity Zinta , Saif Ali Khan , Jaya Bhaduri , Sushma Seth , Reema Lagoo , Lillete Dubey , Delnaaz Irani , Rani Mukerji , Sonali Bendre , Michael Pinkhas , Sanjay Kapoor , Sulabha Arya , Athit Naik , Princey Shukla ",Hindi
Airlift,2016,7.8,Raja Menon (dir.)," Akshay Kumar, Nimrat Kaur"," Akshay Kumar , Nimrat Kaur , Kumud Mishra , Prakash Belawadi , Inaamulhaq , Lena , Nissar Khan , Ninad Kamat , Kaizaad Kotwal , Feryna Wazheir , Ajay Kumar , Purab Kohli , Gunjan Malhotra , Pooja Nair , Taranjit Kaur ",Hindi
Hey Ram,2000,7.8,Kamal Haasan (dir.)," Kamal Haasan, Shah Rukh Khan"," Kamal Haasan , Shah Rukh Khan , Rani Mukerji , Hema Malini , Girish Karnad , Naseeruddin Shah , Om Puri , Vikram Gokhale , Saurabh Shukla , Nassar , Abbas , Atul Kulkarni , Showkar Janaki , Iravati Harshe , Vasundhara Das ",Tamil
Baby,2015,7.8,Neeraj Pandey (dir.)," Akshay Kumar, Danny Denzongpa"," Akshay Kumar , Danny Denzongpa , Rana Daggubati , Tapsee Pannu , Anupam Kher , Kay Kay Menon , Sushant Singh , Madhurima Tuli , Mikaal Zulfiqar , Hasan Noman , Rasheed Naz , Kerem Sarikaya , Zachary Coffin , Karan Aanand , Kiran Anand ",Hindi
Vaaranam Aayiram,2008,7.8,Gautham Menon (dir.)," Suriya, Simran"," Suriya , Simran , Ramya , Sameera Reddy , Prithviraj , Deepa Narendran , Karthik , Shanker Koladi , Ganesh , Sathish , Veera Bahu , Gautham Menon , Pawl Bazile , Brian Jennings , Rajeev ",Tamil
My Name Is Khan,2010,7.8,Karan Johar (dir.)," Shah Rukh Khan, Kajol"," Shah Rukh Khan , Kajol , Katie A. Keane , Kenton Duty , Benny Nieves , Christopher B. Duncan , Jimmy Sheirgill , Sonya Jehan , Parvin Dabas , Arjun Mathur , Sugandha Garg , Zarina Wahab , S.M. Zaheer , Arif Zakaria , Vinay Pathak ",Hindi
Rangasthalam,2018,7.8,Sukumar (dir.)," Ram Charan, Samantha Ruth Prabhu"," Ram Charan , Samantha Ruth Prabhu , Aadhi , Jagapathi Babu , Mahesh Achanta , Aditya , Anil , Annie , Appu , Fm Babai , Sathi Babu , Suri Babu , Banerjee , Basha , Anasuya Bharadwaj ",Telugu
KGF: Chapter 1,2018,7.8,Prashanth Neel (dir.)," Yash, Srinidhi Shetty"," Yash , Srinidhi Shetty , Ramachandra Raju , Archana Jois , Anant Nag , Vasishta N. Simha , Tamannaah Bhatia , Ajith , Akash , Anji , Anmol , Arun , Aryadev , Ninasam Ashwath , B.S. Avinash ",Kannada
Secret Superstar,2017,7.8,Advait Chandan (dir.)," Zaira Wasim, Meher Vij"," Zaira Wasim , Meher Vij , Raj Arjun , Aamir Khan , Tirth Sharma , Kabir Sajid , Farrukh Jaffar , Manuj Sharma , Nikita Anand , Shaan , Monali Thakur , Mona Ambegaonkar ",Hindi
Lakshya,2004,7.8,Farhan Akhtar (dir.)," Amitabh Bachchan, Hrithik Roshan"," Amitabh Bachchan , Hrithik Roshan , Preity Zinta , Om Puri , Sharad S. Kapoor , Raj Zutshi , Sushant Singh , Prashant Chianani , Shakeel Khan , Ranvir Shorey , Arav Chowdharry , Ajai Jose , Aditya Srivastava , Abir Goswami , Parmeet Sethi ",Hindi
Bahubali: The Beginning,2015,7.8,S.S. Rajamouli (dir.)," Prabhas, Rana Daggubati"," Prabhas , Rana Daggubati , Ramya Krishnan , Sathyaraj , Anushka Shetty , Tamannaah Bhatia , Nassar , Sudeep , Prabhakar , Rajsekhar Aningi , Gabriela Bertante , Bhanu Sri , Tanikella Bharani , Nora Fatehi , Sri Simha Koduri ",Telugu
Border,1997,7.8,J.P. Dutta (dir.)," Sunny Deol, Jackie Shroff"," Sunny Deol , Jackie Shroff , Sunil Shetty , Akshaye Khanna , Sudesh Berry , Puneet Issar , Kulbhushan Kharbanda , Tabu , Rakhee Gulzar , Pooja Bhatt , Sharbani Mukherji , Sapna Bedi , Amrit Pal , Mahabir Bhullar , Sanjeeva ",Hindi
Ab Tak Chhappan,2004,7.8,Shimit Amin (dir.)," Nana Patekar, Revathy"," Nana Patekar , Revathy , Yashpal Sharma , Mohan Agashe , Nakul Vaid , Jeeva , Kunal Vijaykar , Pravin Patel , Prasad Purandhare , Hrishitaa Bhatt , Neha Bam , Dibyendu Bhattacharya , Megan Cocks , Helen , Anant Jog ",Hindi
Vettaiyaadu Vilaiyaadu,2006,7.8,Gautham Menon (dir.)," Kamal Haasan, Jyothika"," Kamal Haasan , Jyothika , Prakash Raj , Daniel Balaji , Saleem Baig , Kamalinee Mukherjee , Rajashri , Lev Gorn , Yog Japee , Ajay Naidu , Aahuthi Prasad , Karma , Stun Shiva , Ganesh , Tirlok Malik ",Tamil
Gangaajal,2003,7.8,Prakash Jha (dir.)," Ajay Devgn, Gracy Singh"," Ajay Devgn , Gracy Singh , Mohan Joshi , Yashpal Sharma , Akhilendra Mishra , Mukesh Tiwari , Ayub Khan , Chetan Pandit , Anup Soni , Mohan Agashe , Yash Pathak , Payal Srivastava , Manyata Dutt , Daya Shankar Pandey , Manoj Rajdutt ",Hindi
Johnny Gaddaar,2007,7.8,Sriram Raghavan (dir.)," Dharmendra, Rimi Sen"," Dharmendra , Rimi Sen , Ashwini Kalsekar , Neil Nitin Mukesh , Vinay Pathak , Zakir Hussain , Dayanand Shetty , Govind Namdeo , Rasika Joshi , Shankar Sachdev , Priyanka Bose , Farah , Radhika , Neeraj Khetrapal , Sonia Rakkar ",Hindi
Manam,2014,7.8,Vikram K. Kumar (dir.)," Akkineni Nageshwara Rao, Nagarjuna Akkineni"," Akkineni Nageshwara Rao , Nagarjuna Akkineni , Naga Chaitanya Akkineni , Samantha Ruth Prabhu , Shriya Saran , Amitabh Bachchan , Brahmanandam , M.S. Narayana , Akhil Akkineni , Ali , Jayaprakash Reddy , Krishna Murali Posani , Amala Akkineni , Srinivasa Reddy , Raashi Khanna ",Telugu
English Vinglish,2012,7.8,Gauri Shinde (dir.)," Sridevi, Adil Hussain"," Sridevi , Adil Hussain , Mehdi Nebbou , Priya Anand , Sulabha Deshpande , Michael Patrick Hoban , Sujatha Kumar , Navika Kotia , Shivansh Kotia , Cory Hibbs , Rajeev Ravindranathan , Maria Romano , Sumeet Vyas , Ruth Aguilar , Ross Nathan ",Hindi
Okkadu,2003,7.7,Gunasekhar (dir.)," Mahesh Babu, Bhoomika Chawla"," Mahesh Babu , Bhoomika Chawla , Prakash Raj , Joy Badlani , Chandramohan , Rajan P. Dev , Geetha , Baby Niharika , Venkateswara Rao Paruchuri , Mukesh Rishi , Telangana Sakuntala , Dharmavarapu Subramanyam ",Telugu
Ulidavaru Kandanthe,2014,7.7,Rakshit Shetty (dir.)," Kishore Kumar G., Rakshit Shetty"," Kishore Kumar G. , Rakshit Shetty , Thara , Achyuth Kumar , Rishab Shetty , Sheetal Shetty , Yagna Shetty , Dinesh Mangaluru , Raghu Pandeshwar , B. Suresha , Pramod Shetty , Kavya Hande , Sohan Shetty , K.P. Hegde , Raghavendra P. Hegde ",Kannada
Dabba,2013,7.7,Ritesh Batra (dir.)," Irrfan Khan, Nimrat Kaur"," Irrfan Khan , Nimrat Kaur , Nawazuddin Siddiqui , Lillete Dubey , Nakul Vaid , Bharti Achrekar , Yashvi Puneet Nagar , Denzil Smith , Shruti Bapna , Nasirr Khan , Lokesh Raj , Sadashiv Kondaji Pokarkar , Aarti Rathod , Krishna Bai , Raj Rishi More ",Hindi
Rock On!!,2008,7.7,Abhishek Kapoor (dir.)," Arjun Rampal, Farhan Akhtar"," Arjun Rampal , Farhan Akhtar , Luke Kenny , Purab Kohli , Prachi Desai , Shahana Goswami , Koel Purie , Nicolette Bird , Sai Gundewar , Supreet Bedi , Vinod Bere , Randolph Correia , Lindsay D'Mello , Suzanne D'Mello , Terence D'Souza ",Hindi
Don,1978,7.7,Chandra Barot (dir.)," Amitabh Bachchan, Zeenat Aman"," Amitabh Bachchan , Zeenat Aman , Pran , Iftekhar , Om Shivpuri , Satyendra Kapoor , Paidi Jairaj , Kamal Kapoor , Arpana Choudhary , Helen , M.B. Shetty , Mac Mohan , Azad , Yashraj , Devaraj ",Hindi
Mr India,1987,7.7,Shekhar Kapur (dir.)," Anil Kapoor, Sridevi"," Anil Kapoor , Sridevi , Amrish Puri , Satish Kaushik , Annu Kapoor , Ajit Vachani , Sharat Saxena , Ashok Kumar , Bob Christo , Ramesh Deo , Karan Nath , Yunus Parvez , Harish Patel , Venus Pujari , Tapan Shah ",Hindi
Udta Punjab,2016,7.7,Abhishek Chaubey (dir.)," Shahid Kapoor, Alia Bhatt"," Shahid Kapoor , Alia Bhatt , Kareena Kapoor , Diljit Dosanjh , Satish Kaushik , Manav Vij , Vansh Bhardwaj , Suhail Nayyar , Prabhjyot Singh , Rajesh Kumar Sharma , Kamal Tiwari , Mahabir Bhullar , Suvinder Vicky , Dilawar Sidhu , Lovely Sidhu ",Hindi
Nayak: The Real Hero,2001,7.7,S. Shankar (dir.)," Anil Kapoor, Rani Mukerji"," Anil Kapoor , Rani Mukerji , Amrish Puri , Johnny Lever , Pooja Batra , Sushmita Sen , Mukesh Ahuja , Babu Antony , Rana Jung Bahadur , Neha Bam , Ravindra Berde , Ekta Jain , Kanal Kannan , Khyati Keshwani , Razak Khan ",Hindi
Hindi Medium,2017,7.7,Saket Chaudhary (dir.)," Irrfan Khan, Saba Qamar"," Irrfan Khan , Saba Qamar , Dishita Sehgal , Deepak Dobriyal , Swati Das , Amrita Singh , Sumit Gulati , Angshuman Nandi , Neha Dhupia , Sahani , Arha Mahajan , Shiva Kumar , Sachin Kumar , Kiran Khoje , Pammi Khanna ",Hindi
Dasvidaniya,2008,7.7,Shashant Shah (dir.)," Vinay Pathak, Sarita Joshi"," Vinay Pathak , Sarita Joshi , Rajat Kapoor , Saurabh Shukla , Neha Dhupia , Joy Fernandes , Manoylo Svitlana , Gaurav Gera , Suchitra Pillai , Purbi Joshi , Brijendra Kala , Ikhlaq Khan , Sachin Khurana , Chandan Bisht , Kishore Nandlaskar ",Hindi
Vicky Donor,2012,7.7,Shoojit Sircar (dir.)," Ayushmann Khurrana, Yami Gautam"," Ayushmann Khurrana , Yami Gautam , Annu Kapoor , Dolly Ahluwalia , John Abraham , Tarun Bali , Krishna Singh Bisht , Jayanta Das , Swaroopa Ghosh , Kamlesh Gill , Puja Gupta , Bhupesh Pandya , Inder Pal Singh ",Hindi
Raazi,2018,7.7,Meghna Gulzar (dir.)," Alia Bhatt, Vicky Kaushal"," Alia Bhatt , Vicky Kaushal , Rajit Kapoor , Shishir Sharma , Ashwath Bhatt , Jaideep Ahlawat , Arif Zakaria , Amruta Khanvilkar , Kanwaljit Singh , Aman Vasishth , Veer Samra , Saloni , Deepak Saini , Sima Pari , Pramod Pathak ",Hindi
Oye Lucky! Lucky Oye!,2008,7.7,Dibakar Banerjee (dir.)," Abhay Deol, Paresh Rawal"," Abhay Deol , Paresh Rawal , Neetu Chandra , Archana Puran Singh , Manu Rishi Chadha , Richa Chadha , Manjot Singh , Anurag Arora , Amandeep Singh Bakshi , Rajendra Sethi , Rajeev Ailabadi , Nutan Surya , Gurmeet Singh , Ramandeep , Nanki Singh ",Hindi
Mumbai Meri Jaan,2008,7.7,Nishikant Kamat (dir.)," Paresh Rawal, Kay Kay Menon"," Paresh Rawal , Kay Kay Menon , Irrfan Khan , Madhavan , Soha Ali Khan , Sachin Pathak , Santosh Juvekar , Kavin Dave , Syed Rizwan Ahmed , Rajesh Bhosle , Saksham Dayma , Aakash , Jeetendra Rai , Sameer Dharmadhikari , Gaurav Dhir ",Hindi
Guru,2007,7.7,Mani Ratnam (dir.)," Mithun Chakraborty, Abhishek Bachchan"," Mithun Chakraborty , Abhishek Bachchan , Aishwarya Rai Bachchan , Madhavan , Vidya Balan , Roshan Seth , Anaushka Dantra , Mallika Sherawat , Sunil Agarwal , Murad Ali , Ashoi , Arya Babbar , Arjan Bajwa , Mukesh Bhatt , Dhritiman Chatterjee ",Hindi
Samsara,2001,7.7,Pan Nalin (dir.)," Shawn Ku, Christy Chung"," Shawn Ku , Christy Chung , Neelesha Barthel , Lhakpa Tsering , Tenzin Tashi , Jamayang Jinpa , Sherab Sangey , Kelsang Tashi , Tsepak Tsangpo , Norbu Dolma , Sonam Gyatso , Jampa Kalsang Tamang ",Tibetan
Pokiri,2006,7.7,Puri Jagannadh (dir.)," Mahesh Babu, Ileana D'Cruz"," Mahesh Babu , Ileana D'Cruz , Prakash Raj , Nassar , Ashish Vidyarthi , Sayaji Shinde , Brahmanandam , Ali , Venu Madhav , Mumait Khan , Sudha , Ajay , Ganesh Babu , Master Bharath , Isai ",Telugu
Veer-Zaara,2004,7.7,Yash Chopra (dir.)," Shah Rukh Khan, Preity Zinta"," Shah Rukh Khan , Rani Mukerji , Preity Zinta , Kiron Kher , Divya Dutta , Boman Irani , Anupam Kher , Amitabh Bachchan , Hema Malini , Manoj Bajpayee , Zohra Sehgal , S.M. Zaheer , Tom Alter , Akhilendra Mishra , Arun Bali ",Hindi
Charlie,2015,7.6,Martin Prakkat (dir.)," Dulquer Salmaan, Parvathy"," Dulquer Salmaan , Parvathy , Aparna Gopinath , Nedumudi Venu , Tovino Thomas , Seetha , Soubin Shahir , K.P.A.C. Lalitha , Chemban Vinod Jose , Kalpana , P. Balachandran , Shereej K. Basheer , Molly Kannamaly , Neeraj Madhav , Joy Mathew ",Malayalam
Earth,1998,7.6,Deepa Mehta (dir.)," Aamir Khan, Nandita Das"," Aamir Khan , Nandita Das , Rahul Khanna , Maia Sethna , Babby Singh , Kitu Gidwani , Raghuvir Yadav , Kabir Chowdhury , Arif Zakaria , Eric Peterson , Gulshan Grover , Lauren Walker , Cinia Jain , Navtej Singh Johar , Pavan Malhotra ",Hindi
Aamir,2008,7.6,Raj Kumar Gupta (dir.)," Rajeev Khandelwal, Aishwarya"," Rajeev Khandelwal , Aishwarya , Vasan Bala , Chinkal , Shashanka Ghosh , Rohitashv Gour , Jhilmil Hazrika , Junaid , Amar Kaushik , Abhas Khan , Allauddin Khan , Prasoon Narayan , Gajraj Rao , Sneha ",Hindi
Kapoor & Sons,2016,7.6,Shakun Batra (dir.)," Sidharth Malhotra, Fawad Khan"," Sidharth Malhotra , Fawad Khan , Alia Bhatt , Rajat Kapoor , Rishi Kapoor , Anahita Oberoi , Vikram Kapadia , Pradeep Pradhan , Fahim Shaikh , Niti Apurva Patel , Aalekh Kapoor , Sukant Goel , Ratna Pathak Shah , Aditya Gunavanthe , Rahul Arjun Adsul ",Hindi
Agneepath,1990,7.6,Mukul Anand (dir.)," Amitabh Bachchan, Mithun Chakraborty"," Amitabh Bachchan , Mithun Chakraborty , Madhavi , Neelam Kothari , Danny Denzongpa , Alok Nath , Rohini Hattangadi , Tinnu Anand , Vikram Gokhale , Archana Puran Singh , Master Manjunath , Sharat Saxena , Goga Kapoor , Monty Sharma , Avtar Gill ",Hindi
Newton,2017,7.6,Amit Masurkar (dir.)," Rajkummar Rao, Pankaj Tripathi"," Rajkummar Rao , Pankaj Tripathi , Anjali Patil , Raghuvir Yadav , Ishar Ahmed , Nahida Ali , Nisar Ali , Nizam Ali , Vinod B. , Jangli Bai , Ragho Bai , Vaijanti Bai , Sulekha Begum , Krishna Singh Bisht , Sunil Ramkrishna Borkar ",Hindi
RangiTaranga,2015,7.6,Anup Bhandari (dir.)," Nirup Bhandari, Radhika Chetan"," Nirup Bhandari , Radhika Chetan , Avantika Shetty , Sai Kumar , Anantha Velu , Aravind Rao , Siddu Moolimani , Karthik Rao Kordale , Shankar Ashwath , Srinath Vasista , Chethan Raj , Roshni Kore , Swapna Raj , Renuka , Shilpa Singh ",Kannada
Eega,2012,7.6,S.S. Rajamouli (dir.)," Sudeep, Nani"," Sudeep , Nani , Samantha Ruth Prabhu , Hamsa Nandini , Crazy Mohan , Santhanam , Adithya Menon , Chandra Sekhar , Srinivasa Reddy , Sivannarayana , Devadarshini Chetan , Noel , Dhanraj , Thagubothu Ramesh , Venkatesh Chakravarthy ",Telugu
Pyaar Ka Punchnama,2011,7.6,Luv Ranjan (dir.)," Kartik Aaryan, Raayo S. Bakhirta"," Kartik Aaryan , Raayo S. Bakhirta , Divyendu Sharma , Nushrat Bharucha , Sonnalli Seygall , Ishita Raj , Ranjit Batra , Padam Bhola , Karthik Chauhan ",Hindi
Neerja,2016,7.6,Ram Madhvani (dir.)," Sonam Kapoor, Shabana Azmi"," Sonam Kapoor , Shabana Azmi , Yogendra Tiku , Abrar Zahoor , Jim Sarbh , Ali Baldiwala , Vikrant Singta , Kirti Adarkar , Parthaa Akerkar , Hayder Ali , Arjun Aneja , Yugesh Anil , Bobby Arora , Rohit Assija , Sabreen Baker ",Hindi
Manorama Six Feet Under,2007,7.6,Navdeep Singh (dir.)," Abhay Deol, Gul Panag"," Abhay Deol , Gul Panag , Raima Sen , Sarika , Kulbhushan Kharbanda , Vinay Pathak , Poonam Gibson , Yana Gupta , Brijendra Kala , Jogi Mallang , Nawazuddin Siddiqui ",Hindi
Madras Cafe,2013,7.6,Shoojit Sircar (dir.)," John Abraham, Nargis Fakhri"," John Abraham , Nargis Fakhri , Raashi Khanna , Prakash Belawadi , Vishnu Govindhan , Leena Maria Paul , Avijit Dutt , Aayam Mehta , Kannan Arunachalam , Sanjay Gurbaxani , Dinesh Nair , Vinod Kumar , Dibang , Steve Fahl , Siddartha Basu ",Hindi
Sarkar,2005,7.6,Ram Gopal Varma (dir.)," Amitabh Bachchan, Abhishek Bachchan"," Amitabh Bachchan , Abhishek Bachchan , Kay Kay Menon , Supriya Pathak , Katrina Kaif , Tanishaa Mukerji , Rukhsar Rehman , Anupam Kher , Srinivasa Rao Kota , Deepak Shirke , Ishrat Ali , Zakir Hussain , Ravi Kale , Raju Mavani , Jeeva ",Hindi
Sanju,2018,7.6,Rajkumar Hirani (dir.)," Ranbir Kapoor, Paresh Rawal"," Ranbir Kapoor , Paresh Rawal , Manisha Koirala , Vicky Kaushal , Dia Mirza , Anushka Sharma , Sonam Kapoor , Jim Sarbh , Karishma Tanna , Boman Irani , Ashnoor Kaur , Siya , Tabu , Sayaji Shinde , Steven Allen Prince ",Hindi
Kabhi Haan Kabhi Naa,1994,7.6,Kundan Shah (dir.)," Shah Rukh Khan, Suchitra Krishnamoorthi"," Shah Rukh Khan , Suchitra Krishnamoorthi , Deepak Tijori , Rita Bhaduri , Satish Shah , Anjan Srivastav , Goga Kapoor , Tiku Talsania , Ravi Baswani , Naseeruddin Shah , Juhi Chawla , Kurush Deboo , Aditya Lakhia , Shashi Sahay , Jyothi Nathani ",Hindi
Darr,1993,7.6,Yash Chopra (dir.)," Juhi Chawla, Sunny Deol"," Juhi Chawla , Sunny Deol , Shah Rukh Khan , Anupam Kher , Tanvi Azmi , Raj Hans , Annu Kapoor , Neena Softa , Piloo J. Wadia , Vikas Anand , Dalip Tahil ",Hindi
Stree,2018,7.6,Amar Kaushik (dir.)," Rajkummar Rao, Shraddha Kapoor"," Rajkummar Rao , Shraddha Kapoor , Pankaj Tripathi , Aparshakti Khurana , Abhishek Banerjee , Atul Srivastava , Vijay Raaz , Aakash Dabhade , Nora Fatehi , Kriti Sanon , Flora Saini , Joy Badlani , Viren Basoya , Badri Chavan , Mushtaq Khan ",Hindi
Bheja Fry,2007,7.6,Sagar Ballary (dir.)," Vinay Pathak, Rajat Kapoor"," Vinay Pathak , Rajat Kapoor , Sarika , Milind Soman , Ranvir Shorey , Bhairavi Goswami , Tom Alter , Harsh Chhaya , Sharat Katariya , Sushma Kaul , Ikhlaq Khan ",Hindi
Goodachari,2018,7.6,Sashi Kiran Tikka (dir.)," Adivi Sesh, Sobhita Dhulipala"," Adivi Sesh , Sobhita Dhulipala , Jagapathi Babu , Prakash Raj , Irfan , Ademi , Neelsh Ahankari , Ali , Ashok , Adarsh Babu , Harshad Babu , Harika Devi Balla , Tanikella Bhargav , Ramana Bhargava , Rohit Chachu ",Telugu
Tanu Weds Manu Returns,2015,7.5,Aanand L. Rai (dir.)," Kangana Ranaut, Madhavan"," Kangana Ranaut , Madhavan , Jimmy Sheirgill , Mohammed Zeeshan Ayyub , Swara Bhaskar , Rajesh Sharma , Deepak Dobriyal , Manu Rishi Chadha , Raj Awasti , Gaurav Mishra , Eijaz Khan , Aakash Dahiya , Alex Jaep , Rahul Chahan ",Hindi
Rockstar,2011,7.5,Imtiaz Ali (dir.)," Ranbir Kapoor, Nargis Fakhri"," Ranbir Kapoor , Nargis Fakhri , Shammi Kapoor , Kumud Mishra , Piyush Mishra , Shernaz Patel , Aditi Rao Hydari , Sanjana Sanghi , Shikha Jain , Jaideep Ahlawat , Moufid Aziz , Geetika Budhiraja , Aakash Dahiya , Sushil Dahiya , Teddy Maurya ",Hindi
24,2016,7.5,Vikram K. Kumar (dir.)," Suriya, Samantha Ruth Prabhu"," Suriya , Samantha Ruth Prabhu , Nithya Menon , Saranya Ponvannan , Ajay , Girish Karnad , Sathyan , Mohan Ram , Charlie , Appukutty , Sudha , Natarajan Balkrishna , Caroline Koziol , Advaith Ramkumar , Harsha Vardhan ",Tamil
Kai po che!,2013,7.5,Abhishek Kapoor (dir.)," Amit Sadh, Sushant Singh Rajput"," Rajkummar Rao , Sushant Singh Rajput , Amit Sadh , Amrita Puri , Digvijay Deshmukh , Asif Basra , Manav Kaul , Ashish Kakkad , Muni Jha , Morli Patel , Amitabh Srivastava , Bina Shah , Irfan Khan ",Hindi
Kuch Kuch Hota Hai,1998,7.5,Karan Johar (dir.)," Shah Rukh Khan, Kajol"," Shah Rukh Khan , Kajol , Rani Mukerji , Sana Saeed , Reema Lagoo , Farida Jalal , Archana Puran Singh , Himani Shivpuri , Johnny Lever , Anupam Kher , Parzaan Dastur , Salman Khan , Geeta Kapoor , Farah Khan ",Hindi
Highway,2014,7.5,Imtiaz Ali (dir.)," Alia Bhatt, Randeep Hooda"," Alia Bhatt , Randeep Hooda , Durgesh Kumar , Pradeep Nagar , Saharsh Kumar Shukla , Hemant Mathur , Shakeel Khan , Mohit Choudhary , Reuben Israel , Arjun Malhotra , Naina Trivedi , Mohd. Kaif , Samar Mudasir Bakshi , Pinu Verma , Misha Bhalla ",Hindi
Magadheera,2009,7.5,S.S. Rajamouli (dir.)," Ram Charan, Kajal Aggarwal"," Ram Charan , Kajal Aggarwal , Dev Gill , Srihari , Sarath Babu , Suneel , Brahmanandam , Surya , Hema , Rao Ramesh , Subbaraya Sarma , Chiranjeevi , Mumait Khan , Noel Sean , Chandra Sekhar ",Telugu
Baazigar,1993,7.5,Abbas Alibhai Burmawalla (dir.)," Shah Rukh Khan, Kajol"," Shah Rukh Khan , Kajol , Dalip Tahil , Rakhee Gulzar , Shilpa Shetty Kundra , Siddharth , Johnny Lever , Ananth Narayan Mahadevan , Daboo Malik , Dinesh Hingoo , Adi Irani , Resham Tipnis , Amrit Patel , Sumeet Pathak , Manmauji ",Hindi
Ek Hasina Thi,2004,7.5,Sriram Raghavan (dir.)," Saif Ali Khan, Urmila Matondkar"," Saif Ali Khan , Urmila Matondkar , Seema Biswas , Aditya Srivastava , Pratima Kazmi , Madan Joshi , Zakir Hussain , Abhay Bhargav , Rasika Oak , Seema Adhikari , Gopal K. Singh , Sheeba Chaddha , Rasika Joshi , Kavita Kaushik , Gulfam Khan ",Hindi
Saala Khadoos,2016,7.5,Sudha Kongara (dir.)," Madhavan, Nassar"," Madhavan , Ritika Singh , Mumtaz Sorcar , Nassar , Radha Ravi , Zakir Hussain , Kaali Venkat , Baljinder Kaur , Bipin , Olympic Devarajan , Zakir Hussain , M.K. Raina , Ashiqa Salvan , Raj Sharma , Ravindra Vijay ",Hindi
MS Dhoni: The Untold Story,2016,7.5,Neeraj Pandey (dir.)," Sushant Singh Rajput, Kiara Advani"," Sushant Singh Rajput , Kiara Advani , Anupam Kher , Disha Patani , Bhoomika Chawla , Sanjay Dadich , Kali Prasad Mukherjee , Zeeshaan , Mithu Chakraborty , Kranti Prakash Jha , Ashrut Jain , Brijendra Kala , Mukesh Bhatt , Jitin Gulati , Sahil Gyan ",Hindi
Wake Up Sid,2009,7.5,Ayan Mukherjee (dir.)," Ranbir Kapoor, Konkona Sen Sharma"," Ranbir Kapoor , Konkona Sen Sharma , Supriya Pathak , Anupam Kher , Rahul Khanna , Kashmira Shah , Namit Das , Shikha Talsania , Shruti Bapna , Krutika Bolaki , Mohsin Ali Khan , Munir Kabani , Atisha Naik , Rahul Pendkalkar , Kainaz Motivala ",Hindi
Jodhaa Akbar,2008,7.5,Ashutosh Gowariker (dir.)," Hrithik Roshan, Aishwarya Rai Bachchan"," Hrithik Roshan , Aishwarya Rai Bachchan , Sonu Sood , Poonam Sinha , Suhasini Mulay , Ila Arun , Raza Murad , Kulbhushan Kharbanda , Surendra Pal , Rajesh Vivek , Pramod Moutho , Vishwa Mohan Badola , Manava Naik , Disha Vakani , Dilnaz Irani ",Hindi
Parmanu: The Story of Pokhran,2018,7.5,Abhishek Sharma (dir.)," John Abraham, Boman Irani"," John Abraham , Boman Irani , Diana Penty , Anuja Sathe , Vikas Kumar , Yogendra Tiku , Aditya Hitkari , Ajay Shankar , Darshan Pandya , Mark Bennington , Shyam Bhagat , Zachary Coffin , Satinder Singh Gahlot , Tan Raj Ghale , Rohan Khatri ",Hindi
Dil Se,1998,7.5,Mani Ratnam (dir.)," Shah Rukh Khan, Manisha Koirala"," Shah Rukh Khan , Manisha Koirala , Preity Zinta , Raghuvir Yadav , Sabyasachi Chakraborty , Piyush Mishra , Krishnakant , Aditya Srivastava , Ken Philip , Sanjay Mishra , Mita Vasisht , Arundhati Rao , Malaika Arora , Gautam Bora , Manjit Bawa ",Hindi
Kaththi,2014,7.5,A.R. Murugadoss (dir.)," Joseph Vijay, Samantha Ruth Prabhu"," Joseph Vijay , Samantha Ruth Prabhu , Neil Nitin Mukesh , Tota Roy Chowdhury , Sathish , Rupesh Gupta , Veera Santhanam , Tamiko Brownlee , Elisabeth P. Carpenter , A.R. Murugadoss , Venkat Mohan , Sudip Mukherjee ",Tamil
Piku,2015,7.5,Shoojit Sircar (dir.)," Deepika Padukone, Amitabh Bachchan"," Deepika Padukone , Amitabh Bachchan , Irrfan Khan , Moushumi Chatterjee , Raghuvir Yadav , Jishu Sengupta , Balendar Singh , Swaroopa Ghosh , Sajal Bhattacharya , Rupsa Banerjee , Nutan Mathur , Prerna Chawla , Aniruddha Roy Chowdhury , Bishwadeep Chatterjee , Avijit Dutt ",Hindi
Devdas,2002,7.5,Sanjay Leela Bhansali (dir.)," Shah Rukh Khan, Aishwarya Rai Bachchan"," Shah Rukh Khan , Aishwarya Rai Bachchan , Madhuri Dixit , Jackie Shroff , Kiron Kher , Smita Jaykar , Tiku Talsania , Vijayendra Ghatge , Milind Gunaji , Ananya Khare , Manoj Joshi , Ava Mukherjee , Dina Pathak , Vijay Crishna , Muni Jha ",Hindi
Thuppakki,2012,7.5,A.R. Murugadoss (dir.)," Joseph Vijay, Kajal Aggarwal"," Joseph Vijay , Kajal Aggarwal , Vidyut Jammwal , Sathyan , Zakir Hussain , Deepthi Nambiar , Sanjana Sarathy , Steven Clarke , A.R. Murugadoss , Santosh Sivan , MD Asif , Joy Badlani , Akshara Gowda , Jayaram , Sumesh Krishnan ",Tamil
Delhi Belly,2011,7.5,Abhinay Deo (dir.)," Imran Khan, Vir Das"," Imran Khan , Vir Das , Kunaal Roy Kapur , Shenaz Treasury , Poorna Jagannathan , Kim Bodnia , Paresh Ganatra , Vijay Raaz , Satindir Anand , Ashraf-Ul-Haque , Dipti Avlani , Manoj Bakshi , Krishna Bansal , Dhaval Barbhaya , Bugs Bhargava ",English
Aankhen,2002,7.5,Vipul Amrutlal Shah (dir.)," Amitabh Bachchan, Akshay Kumar"," Amitabh Bachchan , Akshay Kumar , Sushmita Sen , Arjun Rampal , Paresh Rawal , Aditya Pancholi , Bipasha Basu , Kashmira Shah , Ajit Vachani , Arun Bali , Daya Shankar Pandey , Paresh Ganatra , Depesh Shah , Malvika Singh , Ashok Banthia ",Hindi
Detective Byomkesh Bakshy!,2015,7.5,Dibakar Banerjee (dir.)," Sushant Singh Rajput, Anand Tiwari"," Sushant Singh Rajput , Anand Tiwari , Neeraj Kabi , Divya Menon , Swastika Mukherjee , Meiyang Chang , Mark Bennington , Takanori Higuchi , Shivam , Kaushik Ghosh , Anindya Pulak Banerjee , Arindol Bagchi , Peter Wong , Pradipto Kumar Chakraborty , Manoshi Nath ",Hindi
1 - Nenokkadine,2014,7.5,Sukumar (dir.)," Mahesh Babu, Kriti Sanon"," Mahesh Babu , Kriti Sanon , Nassar , Pradeep Singh Rawat , Anu Hassan , Kelly Dorji , Sayaji Shinde , Krishna Murali Posani , Srinivasa Reddy , Ravi Verma , Anand , Supreeth Reddy , Sophiya Chaudhary , Gautham Ghattamaneni , Hayley Joanne Bacon ",Telugu
Raanjhanaa,2013,7.5,Aanand L. Rai (dir.)," Dhanush, Sonam Kapoor"," Dhanush , Sonam Kapoor , Mohammed Zeeshan Ayyub , Swara Bhaskar , Abhay Deol , Shilpi Marwaha , Suraj Singh , Kumud Mishra , Deepika Amin , Nisha Jindal , Vipin Sharma , Naman Jain , Arvind Gaur , Sujata Kumar , Ishwak Singh ",Hindi
Qayamat Se Qayamat Tak,1988,7.5,Mansoor Khan (dir.)," Aamir Khan, Juhi Chawla"," Aamir Khan , Juhi Chawla , Goga Kapoor , Dalip Tahil , Ravindra Kapoor , Asha Sharma , Alok Nath , Raj Zutshi , Shehnaz Kudia , Charushila , Beena Banerjee , Reema Lagoo , Nandita Thakur , Ahmed Khan , Arjun ",Hindi
Trapped,2016,7.5,Vikramaditya Motwane (dir.)," Rajkummar Rao, Geetanjali Thapa"," Rajkummar Rao , Geetanjali Thapa , Shiladitya Sen , Rahul Patel , Rahul Dutta , Vishwas , Girish , Malay Garg , Rajiv Khanna , Yogendra Vikram Singh , Patrick Graham , Hardik Mehta , Vivek Soni , Anup Rupanwar , R.N. Shukla ",Hindi
Rocket Singh: Salesman of the Year,2009,7.5,Shimit Amin (dir.)," Ranbir Kapoor, Prem Chopra"," Ranbir Kapoor , Prem Chopra , Mukesh Bhatt , D. Santosh , Naveen Kaushik , Gauhar Khan , Manish Chaudhary , Shazahn Padamsee , Imtiaz Ahamed , Kumar Amit , Lakshya Raj Anand , Saumya Sankar Chakraborty , Amar Choudhary , Kayaan Contractor , Suumeet Darshan ",Hindi
Khakee,2004,7.4,Rajkumar Santoshi (dir.)," Amitabh Bachchan, Akshay Kumar"," Amitabh Bachchan , Akshay Kumar , Ajay Devgn , Aishwarya Rai Bachchan , Tusshar Kapoor , Atul Kulkarni , Jaya Prada , Lara Dutta , Prakash Raj , Sabyasachi Chakraborty , Tanuja , Ashwini Kalsekar , Radhika Menon , D. Santosh , Kamlesh Sawant ",Hindi
The Ghazi Attack,2017,7.4,Sankalp Reddy (dir.)," Rana Daggubati, Kay Kay Menon"," Rana Daggubati , Kay Kay Menon , Atul Kulkarni , Om Puri , Nassar , Rahul Singh , Milind Gunaji , Tapsee Pannu , Amitabh Bachchan , Chiranjeevi , Ramanuj Dubey , Rajiv Kachroo , Satyadev Kancharana , Bikramjeet Kanwarpal , Kunal Kaushik ",Hindi
Amar Akbar Anthony,1977,7.4,Manmohan Desai (dir.)," Vinod Khanna, Rishi Kapoor"," Vinod Khanna , Rishi Kapoor , Amitabh Bachchan , Neetu Singh , Parveen Babi , Shabana Azmi , Nirupa Roy , Pran , Jeevan , Yusuf Khan , Mukri , Nasir Hussain , Kamal Kapoor , Hercules , Shivraj ",Hindi
Hungama,2003,7.4,Priyadarshan (dir.)," Akshaye Khanna, Aftab Shivdasani"," Akshaye Khanna , Aftab Shivdasani , Rimi Sen , Paresh Rawal , Shakti Kapoor , Rajpal Yadav , Tiku Talsania , Shoma Anand , Nina Kulkarni , Upasna Singh , Sanjay Narvekar , Jyoti Joshi , Amit Divatia , Amin Gazi , Jagadish ",Hindi
Rehnaa Hai Terre Dil Mein,2001,7.4,Gautham Menon (dir.)," Madhavan, Saif Ali Khan"," Madhavan , Saif Ali Khan , Dia Mirza , Vrajesh Hirjee , Tanaaz Currim Irani , Anupam Kher , Navin Nischol , Smita Jaykar , Hemant Pandey , Kabir Sadana , Reshma Modi , Maya Alagh , Kabir Sadanand ",Hindi
Hum Dil De Chuke Sanam,1999,7.4,Sanjay Leela Bhansali (dir.)," Aishwarya Rai Bachchan, Salman Khan"," Aishwarya Rai Bachchan , Salman Khan , Ajay Devgn , Zohra Sehgal , Vikram Gokhale , Smita Jaykar , Rekha Rao , Rajeev Verma , Keneth Desai , Ghanshyam Nayak , Vinay Pathak , Sheeba Chaddha , Meenakshi Verma , Preeti Koppikar , Divya Jagdale ",Hindi
Hum Aapke Hain Koun!,1994,7.4,Sooraj R. Barjatya (dir.)," Madhuri Dixit, Salman Khan"," Madhuri Dixit , Salman Khan , Mohnish Bahl , Renuka Shahane , Anupam Kher , Reema Lagoo , Alok Nath , Bindu , Ajit Vachani , Satish Shah , Himani Shivpuri , Sahila Chaddha , Dilip Joshi , Laxmikant Berde , Priya Arun ",Hindi
Rangeela,1995,7.4,Ram Gopal Varma (dir.)," Urmila Matondkar, Aamir Khan"," Urmila Matondkar , Aamir Khan , Jackie Shroff , Gulshan Grover , Avtar Gill , Achyut Potdar , Reema Lagoo , Ram Mohan , Shammi , Shefali Shah , Rajesh Joshi , Suman , Tarun , Rajeev Mehta , Ramdas ",Hindi
Socha Na Tha,2005,7.4,Imtiaz Ali (dir.)," Abhay Deol, Ayesha Takia"," Abhay Deol , Ayesha Takia , Ayesha Jhulka , Apoorva Jha , Rati Agnihotri , Sandhya Mridul , Sohrab Ardeshir , Manish Chaudhary , Lushin Dubey , Kamlesh Gill , Anamika Goel , Vijay Maurya , Suresh Oberoi , Salim Shah , Shakti Singh ",Hindi
Jaane Tu Ya Jaane Na,2008,7.4,Abbas Tyrewala (dir.)," Imran Khan, Genelia D'Souza"," Imran Khan , Genelia D'Souza , Manjari Fadnnis , Ayaz Khan , Karan Makhija , Sugandha Garg , Nirav Mehta , Alishka Varde , Renuka Kunzru , Prateik , Anuradha Patel , Jayant Kripalani , Ratna Pathak Shah , Padam Bhola , Shakun Batra ",Hindi
Ghilli,2004,7.4,Dharani (dir.)," Joseph Vijay, Trisha Krishnan"," Joseph Vijay , Trisha Krishnan , Prakash Raj , Ashish Vidyarthi , Janaki Sabesh , Nagendra Prasad , Tanikella Bharani , Dhamu , Baby Jeniffer , Brahmanandam , Mayilsamy , 'Nandha' Saravanan , Saai Sundar , Murugadass , Karate Raja ",Tamil
